{
  "timestamp": "2025-10-27T17:08:20.123551",
  "results": {
    "neural_simulation": {
      "iterations": 1000,
      "mean": 0.006998900178587064,
      "median": 0.005600013537332416,
      "min": 0.0039000005926936865,
      "max": 0.03840000135824084,
      "stdev": 0.004247456483923742,
      "throughput": 142879.59171920634
    },
    "swarm_simulation": {
      "iterations": 100,
      "mean": 0.1462810012162663,
      "median": 0.13464999210555106,
      "min": 0.09659997886046767,
      "max": 0.3169999981764704,
      "stdev": 0.03900349452812187,
      "throughput": 6836.157749026953
    },
    "quantum_simulation": {
      "iterations": 1000,
      "mean": 0.011521300068125129,
      "median": 0.010250005288980901,
      "min": 0.008500006515532732,
      "max": 0.04560002707876265,
      "stdev": 0.004099541734967584,
      "throughput": 86795.76038181696
    }
  },
  "total_throughput": 236511.50985005026,
  "rating": "\u2b50\u2b50\u2b50\u2b50\u2b50 EXCELLENT"
}